{"cameraMode":{"drawMode":0,"name":"Shaded","section":"Shading Mode"},"sceneLighting":true,"audioPlay":false,"sceneViewState":{"showFog":false,"showMaterialUpdate":false,"showSkybox":false,"showFlares":false,"showImageEffects":false,"showParticleSystems":true},"in2DMode":false,"pivot":{"x":11.186084747314454,"y":2.225309371948242,"z":32.79975891113281},"rotation":{"x":-0.07509263604879379,"y":-0.06218477338552475,"z":0.004692372865974903,"w":-0.9952247142791748},"size":47.460235595703128,"orthographic":false}