{"cameraMode":{"drawMode":0,"name":"Shaded","section":"Shading Mode"},"sceneLighting":false,"audioPlay":false,"sceneViewState":{"showFog":false,"showMaterialUpdate":false,"showSkybox":false,"showFlares":false,"showImageEffects":false,"showParticleSystems":true},"in2DMode":false,"pivot":{"x":-0.6838489770889282,"y":11.148032188415528,"z":-0.02996174991130829},"rotation":{"x":-0.1658679097890854,"y":0.6371884942054749,"z":-0.14302948117256165,"w":-0.7389325499534607},"size":1.6417300701141358,"orthographic":false}