{"cameraMode":{"drawMode":0,"name":"Shaded","section":"Shading Mode"},"sceneLighting":false,"audioPlay":false,"sceneViewState":{"showFog":false,"showMaterialUpdate":false,"showSkybox":false,"showFlares":false,"showImageEffects":false,"showParticleSystems":true},"in2DMode":false,"pivot":{"x":-0.6548242568969727,"y":0.030918598175048829,"z":1.0617846250534058},"rotation":{"x":-0.13204587996006013,"y":0.7837185859680176,"z":-0.17839233577251435,"w":-0.5801079869270325},"size":2.8664183616638185,"orthographic":false}